type,monkey,RW,cond,rt,err,pred
D1ERR-RT,Monkey KN,1,10,451.9428571,0.120603015,0.067228767
D1ERR-RT,Monkey KN,1,10,450.8369565,0.070707071,0.066753446
D1ERR-RT,Monkey KN,1,10,441.6769231,0.071428571,0.062816423
D1ERR-RT,Monkey KN,1,10,459.880829,0.098130841,0.070640543
D1ERR-RT,Monkey KN,1,10,440.0901639,0.089552239,0.062134426
D1ERR-RT,Monkey KN,1,30,480.8679245,0.053571429,0.079660892
D1ERR-RT,Monkey KN,1,30,470.2727273,0.166666667,0.075107028
D1ERR-RT,Monkey KN,1,30,487.9931034,0.126506024,0.082723326
D1ERR-RT,Monkey KN,1,30,542.0787402,0.20625,0.105969577
D1ERR-RT,Monkey KN,1,30,424.9006211,0.012269939,0.055605892
D1ERR-RT,Monkey KN,1,50,505.9936306,0.218905473,0.090460034
D1ERR-RT,Monkey KN,1,50,495.5668449,0.105263158,0.085978554
D1ERR-RT,Monkey KN,1,50,448.112069,0.049180328,0.065582277
D1ERR-RT,Monkey KN,1,50,450.3809524,0.041493776,0.066557454
D1ERR-RT,Monkey KN,1,50,559.047619,0.117647059,0.113262878
D1ERR-RT,Monkey KN,1,100,487.0917431,0.084033613,0.082335917
D1ERR-RT,Monkey KN,1,100,483.6428571,0.045454545,0.08085357
D1ERR-RT,Monkey KN,1,100,495.2857143,0.088757396,0.085857723
D1ERR-RT,Monkey KN,1,100,499.6170213,0.087378641,0.087719338
D1ERR-RT,Monkey KN,1,Control,447.637931,0.079365079,0.065378491
D1ERR-RT,Monkey KN,1,Control,457.8970588,0.087248322,0.06978791
D1ERR-RT,Monkey KN,1,Control,412.6050955,0.042682927,0.05032122
D1ERR-RT,Monkey KN,1,Control,386.8405797,0.06122449,0.039247515
D1ERR-RT,Monkey KN,1,Control,390.220339,0.063492063,0.04070015
D1ERR-RT,Monkey KN,1,Control,409.9470588,0.071038251,0.049178784
D1ERR-RT,Monkey KN,1,Control,424.9215686,0.110465116,0.055614896
D1ERR-RT,Monkey KN,1,Control,458.6842105,0.101351351,0.070126231
D1ERR-RT,Monkey KN,1,Control,434.7801418,0.113207547,0.059852155
D1ERR-RT,Monkey KN,1,Control,441.51,0.090909091,0.062744678
D1ERR-RT,Monkey KN,1,Control,366.8466454,0.018808777,0.030654031
D1ERR-RT,Monkey KN,1,Control,470.7746479,0.139393939,0.075322756
D1ERR-RT,Monkey KN,1,Control,441.8382353,0.042253521,0.062885755
D1ERR-RT,Monkey KN,1,Control,480.102459,0.031746032,0.079331891
D1ERR-RT,Monkey KN,1,Control,480.4652778,0.082802548,0.079487833
D1ERR-RT,Monkey KN,1,Control,440.7757576,0.051724138,0.062429098
D1ERR-RT,Monkey KN,1,Control,450.5935829,0.036082474,0.066648843
D1ERR-RT,Monkey KN,1,Control,458.1964286,0.050847458,0.069916581
D1ERR-RT,Monkey KN,1,Control,446.7597403,0.12,0.06500104
D1ERR-RT,Monkey KN,1,Control,484.5901639,0.051813472,0.081260727
D1ERR-RT,Monkey KN,1,Control,463.552795,0.115384615,0.072218771
D1ERR-RT,Monkey KN,1,Control,442.7819549,0.173913043,0.06329137
D1ERR-RT,Monkey KN,2,10,410.68,0.093264249,0.049493805
D1ERR-RT,Monkey KN,2,10,404.0229885,0.084210526,0.046632591
D1ERR-RT,Monkey KN,2,10,401.0217391,0.021276596,0.045342641
D1ERR-RT,Monkey KN,2,10,413.6117647,0.060773481,0.050753891
D1ERR-RT,Monkey KN,2,10,395.1666667,0.05,0.042826104
D1ERR-RT,Monkey KN,2,30,439.3663366,0.10619469,0.061823322
D1ERR-RT,Monkey KN,2,30,475.5,0.056603774,0.077353734
D1ERR-RT,Monkey KN,2,30,443.6222222,0.035714286,0.063652521
D1ERR-RT,Monkey KN,2,30,482.0277778,0.116564417,0.080159402
D1ERR-RT,Monkey KN,2,30,388.2923977,0.011560694,0.039871512
D1ERR-RT,Monkey KN,2,50,493.1488095,0.086956522,0.084939272
D1ERR-RT,Monkey KN,2,50,475.8972973,0.075,0.077524494
D1ERR-RT,Monkey KN,2,50,434.3057851,0.008196721,0.059648274
D1ERR-RT,Monkey KN,2,50,406.309322,0.020746888,0.047615268
D1ERR-RT,Monkey KN,2,50,463.3619048,0.036697248,0.072136726
D1ERR-RT,Monkey KN,2,100,411.6632653,0.048543689,0.049916417
D1ERR-RT,Monkey KN,2,100,440.7555556,0.052631579,0.062420415
D1ERR-RT,Monkey KN,2,100,446.9615385,0.025,0.065087774
D1ERR-RT,Monkey KN,2,100,435.8095238,0.0625,0.060294588
D1ERR-RT,Monkey KN,2,Control,426.8153846,0.051094891,0.056428866
D1ERR-RT,Monkey KN,2,Control,420.647541,0.031746032,0.053777899
D1ERR-RT,Monkey KN,2,Control,386.2752809,0.053191489,0.039004547
D1ERR-RT,Monkey KN,2,Control,386.3643411,0.058394161,0.039042825
D1ERR-RT,Monkey KN,2,Control,382.1287129,0.028846154,0.037222333
D1ERR-RT,Monkey KN,2,Control,390.0222222,0.076923077,0.040614999
D1ERR-RT,Monkey KN,2,Control,379.7987421,0.075581395,0.036220901
D1ERR-RT,Monkey KN,2,Control,427.2651515,0.029411765,0.056622178
D1ERR-RT,Monkey KN,2,Control,403.8783784,0.063291139,0.046570437
D1ERR-RT,Monkey KN,2,Control,413.271028,0.065502183,0.050607441
D1ERR-RT,Monkey KN,2,Control,341.3738318,0.021341463,0.019705701
D1ERR-RT,Monkey KN,2,Control,395.893617,0.053691275,0.043138551
D1ERR-RT,Monkey KN,2,Control,396.1268293,0.028436019,0.043238786
D1ERR-RT,Monkey KN,2,Control,418.6138211,0.0390625,0.052903797
D1ERR-RT,Monkey KN,2,Control,419.45,0.032258065,0.053263191
D1ERR-RT,Monkey KN,2,Control,408.4117647,0.039548023,0.048518907
D1ERR-RT,Monkey KN,2,Control,404.9217877,0.016483516,0.047018899
D1ERR-RT,Monkey KN,2,Control,405.4978166,0.029661017,0.047266479
D1ERR-RT,Monkey KN,2,Control,400.0196078,0.15,0.04491192
D1ERR-RT,Monkey KN,2,Control,433.3508772,0.055248619,0.05923785
D1ERR-RT,Monkey KN,2,Control,391.9306358,0.094240838,0.041435244
D1ERR-RT,Monkey KN,2,Control,392.2676056,0.053333333,0.041580075
D1ERR-RT,Monkey KN,4,10,406.9515152,0.057142857,0.047891285
D1ERR-RT,Monkey KN,4,10,392.4842105,0.020618557,0.041673173
D1ERR-RT,Monkey KN,4,10,394.2054795,0.045751634,0.042412982
D1ERR-RT,Monkey KN,4,10,420.0673575,0.015306122,0.053528534
D1ERR-RT,Monkey KN,4,10,391.0263158,0.025641026,0.041046563
D1ERR-RT,Monkey KN,4,30,420.1340206,0.02020202,0.053557186
D1ERR-RT,Monkey KN,4,30,485.203125,0.085714286,0.081524181
D1ERR-RT,Monkey KN,4,30,446.8897059,0.00729927,0.0650569
D1ERR-RT,Monkey KN,4,30,499.5594406,0.077419355,0.08769459
D1ERR-RT,Monkey KN,4,30,387.36,0.038461538,0.039470764
D1ERR-RT,Monkey KN,4,50,489.4555556,0.081632653,0.083351894
D1ERR-RT,Monkey KN,4,50,460.1989247,0.060606061,0.070777262
D1ERR-RT,Monkey KN,4,50,418.7272727,0.043478261,0.052952559
D1ERR-RT,Monkey KN,4,50,392.3531915,0.020833333,0.04161686
D1ERR-RT,Monkey KN,4,50,487.1458333,0.067961165,0.082359165
D1ERR-RT,Monkey KN,4,100,437.9009009,0.034782609,0.061193471
D1ERR-RT,Monkey KN,4,100,422.8494624,0.041237113,0.054724295
D1ERR-RT,Monkey KN,4,100,449.7602339,0.044692737,0.066290666
D1ERR-RT,Monkey KN,4,100,441.43,0.047619048,0.062710294
D1ERR-RT,Monkey KN,4,Control,411.5744681,0.034246575,0.049878251
D1ERR-RT,Monkey KN,4,Control,415.1590909,0.043478261,0.051418938
D1ERR-RT,Monkey KN,4,Control,379.2307692,0.018867925,0.035976784
D1ERR-RT,Monkey KN,4,Control,379.2408759,0.007246377,0.035981127
D1ERR-RT,Monkey KN,4,Control,367.1875,0.042735043,0.030800532
D1ERR-RT,Monkey KN,4,Control,385.1183432,0.050561798,0.038507289
D1ERR-RT,Monkey KN,4,Control,392.6363636,0.046666667,0.041738569
D1ERR-RT,Monkey KN,4,Control,409.8273381,0.007142857,0.049127327
D1ERR-RT,Monkey KN,4,Control,399.6879433,0.040816327,0.044769369
D1ERR-RT,Monkey KN,4,Control,411.7644231,0.03255814,0.049959895
D1ERR-RT,Monkey KN,4,Control,349.4545455,0.015432099,0.023178828
D1ERR-RT,Monkey KN,4,Control,401.4924242,0.089655172,0.045544943
D1ERR-RT,Monkey KN,4,Control,408.6494845,0,0.04862108
D1ERR-RT,Monkey KN,4,Control,418.045082,0.008130081,0.05265935
D1ERR-RT,Monkey KN,4,Control,456.8046875,0.037593985,0.069318404
D1ERR-RT,Monkey KN,4,Control,436.0223464,0.057894737,0.06038606
D1ERR-RT,Monkey KN,4,Control,384.2685714,0.022346369,0.038142054
D1ERR-RT,Monkey KN,4,Control,394.7844828,0.029288703,0.04266184
D1ERR-RT,Monkey KN,4,Control,401.1366906,0.034722222,0.045392048
D1ERR-RT,Monkey KN,4,Control,415.047619,0.023255814,0.051371027
D1ERR-RT,Monkey KN,4,Control,388.3684211,0.05,0.039904188
D1ERR-RT,Monkey KN,4,Control,390.0753425,0.070063694,0.04063783
D1ERR-RT,Monkey KN,8,10,437.2716763,0.044198895,0.060923028
D1ERR-RT,Monkey KN,8,10,420.0754717,0.027522936,0.053532021
D1ERR-RT,Monkey KN,8,10,425.9555556,0.02173913,0.056059308
D1ERR-RT,Monkey KN,8,10,393.0108696,0.016042781,0.041899533
D1ERR-RT,Monkey KN,8,10,414.1395349,0,0.050980729
D1ERR-RT,Monkey KN,8,30,457.5048544,0.037383178,0.069619339
D1ERR-RT,Monkey KN,8,30,486.6065574,0.075757576,0.082127382
D1ERR-RT,Monkey KN,8,30,434.0887097,0.008,0.059554974
D1ERR-RT,Monkey KN,8,30,487.4603175,0.059701493,0.082494332
D1ERR-RT,Monkey KN,8,30,414.2012195,0.040935673,0.051007241
D1ERR-RT,Monkey KN,8,50,465.0857143,0.048913043,0.072877627
D1ERR-RT,Monkey KN,8,50,444.2979798,0.005025126,0.063942965
D1ERR-RT,Monkey KN,8,50,449.7837838,0.034782609,0.066300788
D1ERR-RT,Monkey KN,8,50,391.06639,0,0.041063787
D1ERR-RT,Monkey KN,8,50,457.8645833,0.058823529,0.069773952
D1ERR-RT,Monkey KN,8,100,426.2105263,0.103773585,0.056168895
D1ERR-RT,Monkey KN,8,100,437.2857143,0.042105263,0.060929061
D1ERR-RT,Monkey KN,8,100,431.2670455,0.022222222,0.05834221
D1ERR-RT,Monkey KN,8,100,448.2376238,0.047169811,0.065636241
D1ERR-RT,Monkey KN,8,Control,410.1896552,0.025210084,0.049283053
D1ERR-RT,Monkey KN,8,Control,420.2857143,0.024590164,0.053622384
D1ERR-RT,Monkey KN,8,Control,402.7869822,0.01744186,0.04610135
D1ERR-RT,Monkey KN,8,Control,398.0272109,0.032894737,0.044055579
D1ERR-RT,Monkey KN,8,Control,410.12,0.060150376,0.049253114
D1ERR-RT,Monkey KN,8,Control,400.2426036,0.023121387,0.045007765
D1ERR-RT,Monkey KN,8,Control,402.5323741,0.047945205,0.045991919
D1ERR-RT,Monkey KN,8,Control,430.3165468,0.060810811,0.057933681
D1ERR-RT,Monkey KN,8,Control,418.92,0.019607843,0.053035394
D1ERR-RT,Monkey KN,8,Control,412.8421053,0.014150943,0.050423088
D1ERR-RT,Monkey KN,8,Control,367.1709677,0.003215434,0.030793426
D1ERR-RT,Monkey KN,8,Control,464.4744526,0.021428571,0.072614904
D1ERR-RT,Monkey KN,8,Control,414.1970443,0.060185185,0.051005447
D1ERR-RT,Monkey KN,8,Control,430.4526749,0.012195122,0.05799219
D1ERR-RT,Monkey KN,8,Control,461.8321168,0.080536913,0.071479216
D1ERR-RT,Monkey KN,8,Control,434.9251337,0.026041667,0.059914473
D1ERR-RT,Monkey KN,8,Control,432.1935484,0.021052632,0.058740425
D1ERR-RT,Monkey KN,8,Control,406.1982379,0.017316017,0.047567523
D1ERR-RT,Monkey KN,8,Control,427.0699301,0.052980132,0.056538271
D1ERR-RT,Monkey KN,8,Control,417.6,0.017857143,0.052468052
D1ERR-RT,Monkey KN,8,Control,392.3157895,0.022857143,0.041600784
D1ERR-RT,Monkey KN,8,Control,397.6875,0.033557047,0.04390957
D1ERR-RT,Monkey ST,1,10,405.9727891,0.078369906,0.047470624
D1ERR-RT,Monkey ST,1,10,387.0984615,0.044117647,0.039358353
D1ERR-RT,Monkey ST,1,10,430.3284672,0.089700997,0.057938805
D1ERR-RT,Monkey ST,1,30,419.0104167,0.076923077,0.053074256
D1ERR-RT,Monkey ST,1,30,450.4904762,0.128630705,0.066604527
D1ERR-RT,Monkey ST,1,30,457.0843373,0.104316547,0.069438599
D1ERR-RT,Monkey ST,1,30,447.2773109,0.07751938,0.065223494
D1ERR-RT,Monkey ST,1,50,511.2155477,0.087096774,0.092704437
D1ERR-RT,Monkey ST,1,50,468.4202899,0.151639344,0.074310842
D1ERR-RT,Monkey ST,1,50,443.7832168,0.125382263,0.063721717
D1ERR-RT,Monkey ST,1,50,488.9349593,0.105454545,0.08312814
D1ERR-RT,Monkey ST,1,100,512.6540284,0.166007905,0.093322703
D1ERR-RT,Monkey ST,1,100,489.8209607,0.037815126,0.083508947
D1ERR-RT,Monkey ST,1,100,473.1452991,0.071428571,0.076341673
D1ERR-RT,Monkey ST,1,100,497.75,0.087452471,0.086916884
D1ERR-RT,Monkey ST,1,Control,408.6474164,0.043604651,0.048620191
D1ERR-RT,Monkey ST,1,Control,390.3939394,0.05982906,0.040774765
D1ERR-RT,Monkey ST,1,Control,375.361516,0.028328612,0.034313761
D1ERR-RT,Monkey ST,1,Control,371.7109635,0.093373494,0.032744737
D1ERR-RT,Monkey ST,1,Control,353.5490196,0.035135135,0.024938652
D1ERR-RT,Monkey ST,1,Control,360.5825545,0.047477745,0.027961697
D1ERR-RT,Monkey ST,1,Control,362.5337621,0.04601227,0.028800335
D1ERR-RT,Monkey ST,1,Control,373.6315789,0.036619718,0.033570226
D1ERR-RT,Monkey ST,1,Control,384.6294821,0.146258503,0.038297175
D1ERR-RT,Monkey ST,1,Control,390.5874587,0.09009009,0.04085794
D1ERR-RT,Monkey ST,1,Control,365.6363636,0.055401662,0.030133847
D1ERR-RT,Monkey ST,1,Control,376.5680934,0.065454545,0.034832353
D1ERR-RT,Monkey ST,1,Control,375.9432177,0.042296073,0.034563779
D1ERR-RT,Monkey ST,1,Control,383.6956522,0.071428571,0.03789581
D1ERR-RT,Monkey ST,1,Control,396.5967078,0.061776062,0.043440742
D1ERR-RT,Monkey ST,1,Control,385.8241042,0.037617555,0.038810629
D1ERR-RT,Monkey ST,1,Control,413.0331126,0.03514377,0.050505183
D1ERR-RT,Monkey ST,1,Control,371.6835017,0.088957055,0.032732934
D1ERR-RT,Monkey ST,1,Control,388.1661017,0.095092025,0.03981723
D1ERR-RT,Monkey ST,1,Control,364.7673716,0.04610951,0.02976035
D1ERR-RT,Monkey ST,1,Control,373.0664452,0.050473186,0.033327329
D1ERR-RT,Monkey ST,1,Control,389.1650485,0.046296296,0.040246582
D1ERR-RT,Monkey ST,1,Control,398.9936709,0.05952381,0.044470968
D1ERR-RT,Monkey ST,1,Control,367.4096386,0.026392962,0.030896008
D1ERR-RT,Monkey ST,1,Control,362,0.065868263,0.028570921
D1ERR-RT,Monkey ST,1,Control,369.6772334,0.049315068,0.031870631
D1ERR-RT,Monkey ST,1,Control,379.6539683,0.045454545,0.036158676
D1ERR-RT,Monkey ST,1,Control,397.4012346,0.055393586,0.043786532
D1ERR-RT,Monkey ST,1,Control,391.3111888,0.046666667,0.041169002
D1ERR-RT,Monkey ST,1,Control,421.3429603,0.082781457,0.054076793
D1ERR-RT,Monkey ST,1,Control,415.8355705,0.120943953,0.051709692
D1ERR-RT,Monkey ST,2,10,367.7534247,0.039473684,0.031043769
D1ERR-RT,Monkey ST,2,10,366.5880399,0.022727273,0.030542881
D1ERR-RT,Monkey ST,2,10,374.1115108,0.038062284,0.033776503
D1ERR-RT,Monkey ST,2,30,388.8087248,0.038709677,0.040093432
D1ERR-RT,Monkey ST,2,30,427.6937799,0.05,0.056806404
D1ERR-RT,Monkey ST,2,30,419.712,0.034749035,0.053375799
D1ERR-RT,Monkey ST,2,30,403.0169492,0.052208835,0.046200191
D1ERR-RT,Monkey ST,2,50,455.4539007,0.010526316,0.06873783
D1ERR-RT,Monkey ST,2,50,420.8768473,0.033333333,0.053876456
D1ERR-RT,Monkey ST,2,50,397.4155405,0.01986755,0.04379268
D1ERR-RT,Monkey ST,2,50,434.8536585,0.061068702,0.059883753
D1ERR-RT,Monkey ST,2,100,461.8952381,0.066666667,0.071506346
D1ERR-RT,Monkey ST,2,100,448.5605381,0.047008547,0.065775031
D1ERR-RT,Monkey ST,2,100,447.4675325,0.045454545,0.065305253
D1ERR-RT,Monkey ST,2,100,459.4504132,0.043478261,0.070455549
D1ERR-RT,Monkey ST,2,Control,377.4678899,0.026785714,0.03521909
D1ERR-RT,Monkey ST,2,Control,364.914956,0.022922636,0.029823782
D1ERR-RT,Monkey ST,2,Control,360.4030303,0.029411765,0.027884536
D1ERR-RT,Monkey ST,2,Control,339.5770492,0.02866242,0.018933436
D1ERR-RT,Monkey ST,2,Control,327.1137026,0.014367816,0.013576633
D1ERR-RT,Monkey ST,2,Control,326.7919255,0.027190332,0.013438332
D1ERR-RT,Monkey ST,2,Control,335.3518519,0.038575668,0.017117427
D1ERR-RT,Monkey ST,2,Control,359.751497,0.023391813,0.027604504
D1ERR-RT,Monkey ST,2,Control,351.9083665,0.045627376,0.024233492
D1ERR-RT,Monkey ST,2,Control,365.7926421,0.065625,0.030201016
D1ERR-RT,Monkey ST,2,Control,346.4825581,0.028248588,0.021901455
D1ERR-RT,Monkey ST,2,Control,355.0077519,0.044444444,0.025565621
D1ERR-RT,Monkey ST,2,Control,346.4285714,0.023255814,0.021878251
D1ERR-RT,Monkey ST,2,Control,349.9727891,0.023255814,0.023401572
D1ERR-RT,Monkey ST,2,Control,357.2226891,0.044176707,0.026517611
D1ERR-RT,Monkey ST,2,Control,358.3022508,0.040123457,0.026981612
D1ERR-RT,Monkey ST,2,Control,368.3993711,0.050746269,0.0313214
D1ERR-RT,Monkey ST,2,Control,342.0136986,0.042622951,0.019980719
D1ERR-RT,Monkey ST,2,Control,358.3493151,0.026666667,0.02700184
D1ERR-RT,Monkey ST,2,Control,337.4789157,0.043227666,0.018031648
D1ERR-RT,Monkey ST,2,Control,347.7197452,0.027863777,0.022433203
D1ERR-RT,Monkey ST,2,Control,361.1687898,0.076470588,0.028213663
D1ERR-RT,Monkey ST,2,Control,359.65,0.013157895,0.027560881
D1ERR-RT,Monkey ST,2,Control,345.4896142,0.023188406,0.021474683
D1ERR-RT,Monkey ST,2,Control,338.416129,0.018987342,0.018434467
D1ERR-RT,Monkey ST,2,Control,350.502924,0.022857143,0.023629426
D1ERR-RT,Monkey ST,2,Control,376.9615385,0.034055728,0.035001458
D1ERR-RT,Monkey ST,2,Control,383.50625,0.047619048,0.037814405
D1ERR-RT,Monkey ST,2,Control,371.4090909,0.022222222,0.032614991
D1ERR-RT,Monkey ST,2,Control,395.4791667,0.043189369,0.042960418
D1ERR-RT,Monkey ST,2,Control,396.8344828,0.102167183,0.043542939
D1ERR-RT,Monkey ST,4,10,349.4747475,0.026229508,0.023187511
D1ERR-RT,Monkey ST,4,10,345.5746032,0.012539185,0.021511211
D1ERR-RT,Monkey ST,4,10,346.4673913,0.021276596,0.021894936
D1ERR-RT,Monkey ST,4,30,347.5309446,0.009677419,0.022352056
D1ERR-RT,Monkey ST,4,30,392.271028,0.031674208,0.041581546
D1ERR-RT,Monkey ST,4,30,370.192,0.045801527,0.03209188
D1ERR-RT,Monkey ST,4,30,373.7815126,0.016528926,0.033634668
D1ERR-RT,Monkey ST,4,50,419.9097473,0.010714286,0.053460792
D1ERR-RT,Monkey ST,4,50,378.3090909,0.026548673,0.035580642
D1ERR-RT,Monkey ST,4,50,361.269103,0.003311258,0.028256778
D1ERR-RT,Monkey ST,4,50,371.2295082,0.031746032,0.032537805
D1ERR-RT,Monkey ST,4,100,401.125,0.01369863,0.045387023
D1ERR-RT,Monkey ST,4,100,394,0.045643154,0.042324666
D1ERR-RT,Monkey ST,4,100,415.6666667,0.012658228,0.051637097
D1ERR-RT,Monkey ST,4,100,450.0210084,0.024590164,0.066402748
D1ERR-RT,Monkey ST,4,Control,346.2324159,0.029673591,0.021793942
D1ERR-RT,Monkey ST,4,Control,337.8978979,0.002994012,0.018211729
D1ERR-RT,Monkey ST,4,Control,345.0030395,0.012012012,0.021265551
D1ERR-RT,Monkey ST,4,Control,318.7124183,0.022364217,0.009965723
D1ERR-RT,Monkey ST,4,Control,329.4236311,0.005730659,0.014569451
D1ERR-RT,Monkey ST,4,Control,325.8348624,0.006079027,0.013026982
D1ERR-RT,Monkey ST,4,Control,328.3018293,0.020895522,0.014087295
D1ERR-RT,Monkey ST,4,Control,347.5843373,0.011904762,0.022375004
D1ERR-RT,Monkey ST,4,Control,333.4741036,0.023346304,0.016310362
D1ERR-RT,Monkey ST,4,Control,351.4647436,0.018867925,0.02404282
D1ERR-RT,Monkey ST,4,Control,337.5710059,0.005882353,0.018071229
D1ERR-RT,Monkey ST,4,Control,341.6889764,0.015503876,0.019841151
D1ERR-RT,Monkey ST,4,Control,328.9666667,0.013157895,0.014373045
D1ERR-RT,Monkey ST,4,Control,331.8259386,0.016778523,0.015601973
D1ERR-RT,Monkey ST,4,Control,329.7786885,0.016129032,0.014722056
D1ERR-RT,Monkey ST,4,Control,323.2707692,0.021084337,0.011924923
D1ERR-RT,Monkey ST,4,Control,339.4950495,0.022580645,0.018898192
D1ERR-RT,Monkey ST,4,Control,321.7979798,0.026229508,0.011291911
D1ERR-RT,Monkey ST,4,Control,331.1503497,0.013793103,0.015311602
D1ERR-RT,Monkey ST,4,Control,319.6283988,0.017804154,0.010359416
D1ERR-RT,Monkey ST,4,Control,329.6786885,0.019292605,0.014679076
D1ERR-RT,Monkey ST,4,Control,345.5166667,0.019607843,0.02148631
D1ERR-RT,Monkey ST,4,Control,346.3443709,0.019480519,0.021842061
D1ERR-RT,Monkey ST,4,Control,341.1543027,0.011730205,0.019611346
D1ERR-RT,Monkey ST,4,Control,326.1041009,0.01552795,0.013142702
D1ERR-RT,Monkey ST,4,Control,338.2756598,0.017291066,0.018374093
D1ERR-RT,Monkey ST,4,Control,365.6045016,0,0.030120152
D1ERR-RT,Monkey ST,4,Control,376.3095975,0.024169184,0.034721251
D1ERR-RT,Monkey ST,4,Control,356.1648352,0.021505376,0.026062941
D1ERR-RT,Monkey ST,4,Control,381.543554,0.013745704,0.036970829
D1ERR-RT,Monkey ST,4,Control,378,0.022875817,0.035447793
D1ERR-RT,Monkey ST,8,10,350.4280822,0.013513514,0.023597259
D1ERR-RT,Monkey ST,8,10,336.1182109,0.003184713,0.017446811
D1ERR-RT,Monkey ST,8,10,329.4748201,0.010676157,0.014591452
D1ERR-RT,Monkey ST,8,30,341.862069,0.006849315,0.019915547
D1ERR-RT,Monkey ST,8,30,365.759434,0.004694836,0.030186743
D1ERR-RT,Monkey ST,8,30,355.008,0.019607843,0.025565728
D1ERR-RT,Monkey ST,8,30,352.6808511,0.02892562,0.024565509
D1ERR-RT,Monkey ST,8,50,408.9479167,0.010309278,0.048749348
D1ERR-RT,Monkey ST,8,50,335.2673267,0.009803922,0.017081097
D1ERR-RT,Monkey ST,8,50,347.35,0.003558719,0.022274285
D1ERR-RT,Monkey ST,8,50,347.9585062,0.008230453,0.022535824
D1ERR-RT,Monkey ST,8,100,373.247619,0.032258065,0.033405199
D1ERR-RT,Monkey ST,8,100,380.5714286,0.022522523,0.036553005
D1ERR-RT,Monkey ST,8,100,374.9148936,0.020833333,0.034121801
D1ERR-RT,Monkey ST,8,100,422.9453782,0.020576132,0.05476552
D1ERR-RT,Monkey ST,8,Control,332.0363636,0.023668639,0.015692415
D1ERR-RT,Monkey ST,8,Control,326.8575758,0.011976048,0.013466549
D1ERR-RT,Monkey ST,8,Control,347.5679758,0.011940299,0.022367972
D1ERR-RT,Monkey ST,8,Control,310.4233129,0.009118541,0.006403028
D1ERR-RT,Monkey ST,8,Control,341.1875,0.00591716,0.019625615
D1ERR-RT,Monkey ST,8,Control,328.7634069,0.006269592,0.014285683
D1ERR-RT,Monkey ST,8,Control,327.668693,0.006042296,0.01381517
D1ERR-RT,Monkey ST,8,Control,352.0183486,0.018018018,0.024280762
D1ERR-RT,Monkey ST,8,Control,328.8605578,0.015686275,0.014327439
D1ERR-RT,Monkey ST,8,Control,346.5993485,0.016025641,0.021951652
D1ERR-RT,Monkey ST,8,Control,348.9117647,0.01734104,0.022945539
D1ERR-RT,Monkey ST,8,Control,333.6941176,0.034090909,0.016404925
D1ERR-RT,Monkey ST,8,Control,326.4041096,0.010169492,0.013271647
D1ERR-RT,Monkey ST,8,Control,318.1719745,0.012578616,0.009733438
D1ERR-RT,Monkey ST,8,Control,315.7804878,0.023809524,0.008705566
D1ERR-RT,Monkey ST,8,Control,315.6415663,0.008955224,0.008645857
D1ERR-RT,Monkey ST,8,Control,322.0724138,0.010238908,0.011409864
D1ERR-RT,Monkey ST,8,Control,309.7871622,0.02310231,0.006129608
D1ERR-RT,Monkey ST,8,Control,322.8146853,0.020547945,0.011728896
D1ERR-RT,Monkey ST,8,Control,327.3454545,0.020771513,0.013676241
D1ERR-RT,Monkey ST,8,Control,331.5173502,0.018575851,0.015469341
D1ERR-RT,Monkey ST,8,Control,342.9462025,0.033639144,0.020381513
D1ERR-RT,Monkey ST,8,Control,344.0130719,0.01607717,0.020840058
D1ERR-RT,Monkey ST,8,Control,343.9857955,0.005649718,0.020828335
D1ERR-RT,Monkey ST,8,Control,331.4735099,0.00330033,0.015450498
D1ERR-RT,Monkey ST,8,Control,334.8554217,0.014836795,0.016904059
D1ERR-RT,Monkey ST,8,Control,355.8585209,0.006389776,0.025931286
D1ERR-RT,Monkey ST,8,Control,376.1797386,0.009708738,0.034665437
D1ERR-RT,Monkey ST,8,Control,347.9485294,0.021582734,0.022531536
D1ERR-RT,Monkey ST,8,Control,366.472028,0.027210884,0.030493019
D1ERR-RT,Monkey ST,8,Control,371.5034014,0.023255814,0.032655526
D2ERR-RT,Monkey KN,1,0,527.3823529,0.244444444,0.129022174
D2ERR-RT,Monkey KN,1,0,492.1803279,0.148837209,0.106979313
D2ERR-RT,Monkey KN,1,0,497.5841584,0.251851852,0.110363092
D2ERR-RT,Monkey KN,1,0,451.8315789,0.077669903,0.081713668
D2ERR-RT,Monkey KN,1,1,531.4214286,0.247311828,0.131551369
D2ERR-RT,Monkey KN,1,1,520.7350427,0.158273381,0.124859751
D2ERR-RT,Monkey KN,1,1,578.6796117,0.127118644,0.161143575
D2ERR-RT,Monkey KN,1,1,473.7468354,0.225490196,0.095436599
D2ERR-RT,Monkey KN,1,2,527.4696133,0.242677824,0.129076815
D2ERR-RT,Monkey KN,1,2,446.028436,0.094420601,0.078079846
D2ERR-RT,Monkey KN,1,2,534.1045752,0.120689655,0.133231506
D2ERR-RT,Monkey KN,1,2,454.140625,0.157894737,0.08315955
D2ERR-RT,Monkey KN,1,3,487.7751196,0.173913043,0.104220852
D2ERR-RT,Monkey KN,1,3,420.3606557,0.07106599,0.062007154
D2ERR-RT,Monkey KN,1,3,524.3303571,0.194244604,0.127111071
D2ERR-RT,Monkey KN,1,3,461.2709677,0.153005464,0.087624439
D2ERR-RT,Monkey KN,1,4,462.2344498,0.091304348,0.088227754
D2ERR-RT,Monkey KN,1,4,493.1518987,0.070588235,0.107587693
D2ERR-RT,Monkey KN,1,4,507.9864865,0.144508671,0.116876839
D2ERR-RT,Monkey KN,1,7,446.0559701,0.100671141,0.078097088
D2ERR-RT,Monkey KN,1,7,490.7521368,0.071428571,0.106085006
D2ERR-RT,Monkey KN,1,7,455.9401709,0.071428571,0.084286392
D2ERR-RT,Monkey KN,1,Control,537.5403226,0.094890511,0.135382908
D2ERR-RT,Monkey KN,1,Control,522.2857143,0.145348837,0.125830753
D2ERR-RT,Monkey KN,1,Control,485.18,0.115044248,0.102595836
D2ERR-RT,Monkey KN,1,Control,530.9555556,0.150943396,0.131259648
D2ERR-RT,Monkey KN,1,Control,443.6212121,0.076923077,0.076572487
D2ERR-RT,Monkey KN,1,Control,428.7977099,0.077464789,0.067290282
D2ERR-RT,Monkey KN,1,Control,456.0571429,0.066666667,0.084359638
D2ERR-RT,Monkey KN,1,Control,470.7048193,0.062146893,0.093531744
D2ERR-RT,Monkey KN,1,Control,441.8531746,0.09352518,0.075465374
D2ERR-RT,Monkey KN,1,Control,451.5263158,0.073170732,0.081522517
D2ERR-RT,Monkey KN,1,Control,452.4672131,0.046875,0.08211169
D2ERR-RT,Monkey KN,1,Control,424.6527778,0.127272727,0.064694802
D2ERR-RT,Monkey KN,1,Control,482.9230769,0.095652174,0.101182592
D2ERR-RT,Monkey KN,1,Control,451.1203008,0.10738255,0.081268278
D2ERR-RT,Monkey KN,1,Control,496.4537037,0.162790698,0.109655222
D2ERR-RT,Monkey KN,1,Control,474.5966851,0.095,0.095968759
D2ERR-RT,Monkey KN,2,0,456.9871795,0.1875,0.08494201
D2ERR-RT,Monkey KN,2,0,433.625,0.036649215,0.070313042
D2ERR-RT,Monkey KN,2,0,471.2526316,0.128440367,0.093874774
D2ERR-RT,Monkey KN,2,0,418.5454545,0.083333333,0.060870508
D2ERR-RT,Monkey KN,2,1,458.6794872,0.098265896,0.086001702
D2ERR-RT,Monkey KN,2,1,473.8854962,0.04379562,0.095523425
D2ERR-RT,Monkey KN,2,1,516.0545455,0.12,0.121928909
D2ERR-RT,Monkey KN,2,1,412.6438356,0.098765432,0.057175023
D2ERR-RT,Monkey KN,2,2,439.7486034,0.095959596,0.07414753
D2ERR-RT,Monkey KN,2,2,393.7627907,0.069264069,0.045352059
D2ERR-RT,Monkey KN,2,2,455.3354839,0.018987342,0.083907749
D2ERR-RT,Monkey KN,2,2,430.0243902,0.061068702,0.068058407
D2ERR-RT,Monkey KN,2,3,423.4744898,0.057692308,0.063956979
D2ERR-RT,Monkey KN,2,3,378.0497238,0.085858586,0.035512826
D2ERR-RT,Monkey KN,2,3,486.1122449,0.057692308,0.103179591
D2ERR-RT,Monkey KN,2,3,415.2331288,0.094444444,0.058796391
D2ERR-RT,Monkey KN,2,4,418.0966184,0.075892857,0.060589455
D2ERR-RT,Monkey KN,2,4,437.6233766,0.043478261,0.072816752
D2ERR-RT,Monkey KN,2,4,495.4342105,0.055900621,0.109016834
D2ERR-RT,Monkey KN,2,7,414.418251,0.05734767,0.058286129
D2ERR-RT,Monkey KN,2,7,439.8016878,0.048192771,0.074180771
D2ERR-RT,Monkey KN,2,7,397.9555556,0.034334764,0.047977492
D2ERR-RT,Monkey KN,2,Control,439.6280992,0.047244094,0.074072073
D2ERR-RT,Monkey KN,2,Control,420.5625,0.058823529,0.062133545
D2ERR-RT,Monkey KN,2,Control,428.4579439,0.085470085,0.067077527
D2ERR-RT,Monkey KN,2,Control,466.7474747,0.083333333,0.091053728
D2ERR-RT,Monkey KN,2,Control,401.8251748,0.052980132,0.050400576
D2ERR-RT,Monkey KN,2,Control,376.7207547,0.04676259,0.03468065
D2ERR-RT,Monkey KN,2,Control,421.0559441,0.077419355,0.062442531
D2ERR-RT,Monkey KN,2,Control,432.4260355,0.050561798,0.069562273
D2ERR-RT,Monkey KN,2,Control,409.2687747,0.030651341,0.055061622
D2ERR-RT,Monkey KN,2,Control,383.2710843,0.023529412,0.038782346
D2ERR-RT,Monkey KN,2,Control,414.397541,0.035573123,0.058273161
D2ERR-RT,Monkey KN,2,Control,417.4013158,0.061728395,0.060154069
D2ERR-RT,Monkey KN,2,Control,469.733945,0.076271186,0.0929238
D2ERR-RT,Monkey KN,2,Control,400.6688312,0.06097561,0.049676495
D2ERR-RT,Monkey KN,2,Control,425.2342342,0.119047619,0.065058899
D2ERR-RT,Monkey KN,2,Control,425.5597826,0.123809524,0.065262752
D2ERR-RT,Monkey KN,4,0,442.8656716,0.014705882,0.076099381
D2ERR-RT,Monkey KN,4,0,413.4619883,0.028409091,0.057687335
D2ERR-RT,Monkey KN,4,0,432.7920792,0.038095238,0.069791483
D2ERR-RT,Monkey KN,4,0,418,0,0.060528955
D2ERR-RT,Monkey KN,4,1,433.4064516,0.082840237,0.070176191
D2ERR-RT,Monkey KN,4,1,446.6,0.00862069,0.078437749
D2ERR-RT,Monkey KN,4,1,482.3723404,0.020833333,0.100837731
D2ERR-RT,Monkey KN,4,1,440.6438356,0,0.074708108
D2ERR-RT,Monkey KN,4,2,430.3579545,0.068783069,0.068267279
D2ERR-RT,Monkey KN,4,2,377.4352332,0,0.035128043
D2ERR-RT,Monkey KN,4,2,451.1419355,0.082840237,0.081281826
D2ERR-RT,Monkey KN,4,2,400.2538462,0.044117647,0.049416639
D2ERR-RT,Monkey KN,4,3,421.3756345,0.066350711,0.062642715
D2ERR-RT,Monkey KN,4,3,386.0523256,0.028248588,0.040523908
D2ERR-RT,Monkey KN,4,3,461.0206186,0.03,0.087467675
D2ERR-RT,Monkey KN,4,3,411.5432099,0.063583815,0.056485831
D2ERR-RT,Monkey KN,4,4,429.9311927,0.03539823,0.068000048
D2ERR-RT,Monkey KN,4,4,439.7733333,0.025974026,0.074163016
D2ERR-RT,Monkey KN,4,4,434.4507042,0.020689655,0.070830083
D2ERR-RT,Monkey KN,4,7,403.3445693,0.032608696,0.051351993
D2ERR-RT,Monkey KN,4,7,426.3948498,0.012711864,0.065785655
D2ERR-RT,Monkey KN,4,7,403.2959641,0.030434783,0.051321557
D2ERR-RT,Monkey KN,4,Control,419.648,0.038461538,0.061560902
D2ERR-RT,Monkey KN,4,Control,402.627451,0.061349693,0.050902947
D2ERR-RT,Monkey KN,4,Control,420.3391304,0.049586777,0.061993675
D2ERR-RT,Monkey KN,4,Control,443.3452381,0.011764706,0.076399677
D2ERR-RT,Monkey KN,4,Control,394.6041667,0.006896552,0.045878914
D2ERR-RT,Monkey KN,4,Control,389.1187739,0.02247191,0.042444061
D2ERR-RT,Monkey KN,4,Control,404.3642857,0.060402685,0.051990521
D2ERR-RT,Monkey KN,4,Control,397.0372671,0.052941176,0.047402476
D2ERR-RT,Monkey KN,4,Control,396.0632411,0.015564202,0.046792559
D2ERR-RT,Monkey KN,4,Control,392.0645161,0,0.044288631
D2ERR-RT,Monkey KN,4,Control,406.7813765,0.03515625,0.053504059
D2ERR-RT,Monkey KN,4,Control,403.4027778,0.01369863,0.051388442
D2ERR-RT,Monkey KN,4,Control,409.46875,0.058823529,0.055186843
D2ERR-RT,Monkey KN,4,Control,402.0955414,0.042682927,0.050569875
D2ERR-RT,Monkey KN,4,Control,437.7,0.083969466,0.072864733
D2ERR-RT,Monkey KN,4,Control,418.3812155,0.052356021,0.060767665
D2ERR-RT,Monkey KN,8,0,467.0322581,0.060606061,0.091232054
D2ERR-RT,Monkey KN,8,0,414.6023392,0.022857143,0.058401402
D2ERR-RT,Monkey KN,8,0,424.5454545,0.022222222,0.064627598
D2ERR-RT,Monkey KN,8,0,417.979798,0.048076923,0.060516304
D2ERR-RT,Monkey KN,8,1,462.7913669,0.034722222,0.088576486
D2ERR-RT,Monkey KN,8,1,451.6147541,0.031746032,0.081577896
D2ERR-RT,Monkey KN,8,1,495.6752137,0.033057851,0.109167746
D2ERR-RT,Monkey KN,8,1,433.369863,0.064102564,0.07015328
D2ERR-RT,Monkey KN,8,2,460.0112994,0.082901554,0.086835658
D2ERR-RT,Monkey KN,8,2,400.9795918,0.01010101,0.049871088
D2ERR-RT,Monkey KN,8,2,471.8058824,0.039548023,0.094221209
D2ERR-RT,Monkey KN,8,2,421.296875,0.015384615,0.062593397
D2ERR-RT,Monkey KN,8,3,447.4,0.023809524,0.078938694
D2ERR-RT,Monkey KN,8,3,420.688172,0.03626943,0.062212238
D2ERR-RT,Monkey KN,8,3,489.3796296,0.044247788,0.105225567
D2ERR-RT,Monkey KN,8,3,430.7012195,0.012048193,0.068482225
D2ERR-RT,Monkey KN,8,4,452.7281106,0.02690583,0.082275059
D2ERR-RT,Monkey KN,8,4,458.4451613,0.03125,0.085854971
D2ERR-RT,Monkey KN,8,4,449.4532374,0.034722222,0.080224394
D2ERR-RT,Monkey KN,8,7,445.2641509,0.007490637,0.077601265
D2ERR-RT,Monkey KN,8,7,444.7715517,0.033333333,0.077292808
D2ERR-RT,Monkey KN,8,7,400.5294118,0.030701754,0.049589193
D2ERR-RT,Monkey KN,8,Control,446.023622,0.066176471,0.078076832
D2ERR-RT,Monkey KN,8,Control,433.4963504,0.035211268,0.070232484
D2ERR-RT,Monkey KN,8,Control,462.4594595,0.034782609,0.088368651
D2ERR-RT,Monkey KN,8,Control,441.0689655,0.064516129,0.074974317
D2ERR-RT,Monkey KN,8,Control,411.277027,0.026315789,0.056319152
D2ERR-RT,Monkey KN,8,Control,399.0344828,0.011363636,0.048653096
D2ERR-RT,Monkey KN,8,Control,443.3680556,0.033557047,0.076413965
D2ERR-RT,Monkey KN,8,Control,430.0843373,0.017751479,0.068095945
D2ERR-RT,Monkey KN,8,Control,408.2252964,0.01171875,0.054408215
D2ERR-RT,Monkey KN,8,Control,458.8764045,0.058201058,0.086125008
D2ERR-RT,Monkey KN,8,Control,432.8204082,0.023904382,0.069809222
D2ERR-RT,Monkey KN,8,Control,431.23125,0.03030303,0.06881412
D2ERR-RT,Monkey KN,8,Control,459.1358025,0.1,0.086287438
D2ERR-RT,Monkey KN,8,Control,413.5189873,0.048192771,0.057723027
D2ERR-RT,Monkey KN,8,Control,471.8962264,0.045045045,0.094277781
D2ERR-RT,Monkey KN,8,Control,422.8877005,0.026041667,0.063589543
D2ERR-RT,Monkey ST,1,0,450.6390244,0.163265306,0.080966912
D2ERR-RT,Monkey ST,1,0,443.8581818,0.110032362,0.076720873
D2ERR-RT,Monkey ST,1,1,504.1653543,0.164473684,0.114484116
D2ERR-RT,Monkey ST,1,1,464.1593625,0.113074205,0.089433099
D2ERR-RT,Monkey ST,1,1,437.0074349,0.052816901,0.072431061
D2ERR-RT,Monkey ST,1,2,448.7042254,0.217630854,0.079755376
D2ERR-RT,Monkey ST,1,2,413.12,0.122807018,0.057473188
D2ERR-RT,Monkey ST,1,2,380.4618182,0.061433447,0.037023235
D2ERR-RT,Monkey ST,1,2,430.1921824,0.06969697,0.068163475
D2ERR-RT,Monkey ST,1,3,422.4577922,0.088757396,0.063320342
D2ERR-RT,Monkey ST,1,3,415.5965517,0.152046784,0.059023959
D2ERR-RT,Monkey ST,1,3,499.5284974,0.192468619,0.111580602
D2ERR-RT,Monkey ST,1,3,404.48,0.056603774,0.052062979
D2ERR-RT,Monkey ST,1,4,449.630597,0.175384615,0.080335453
D2ERR-RT,Monkey ST,1,4,403.369637,0.067692308,0.05136769
D2ERR-RT,Monkey ST,1,4,431.9858657,0.081168831,0.069286647
D2ERR-RT,Monkey ST,1,4,389.97,0.07120743,0.042977084
D2ERR-RT,Monkey ST,1,7,422.5838926,0.06875,0.063399304
D2ERR-RT,Monkey ST,1,7,410.372549,0.072727273,0.055752785
D2ERR-RT,Monkey ST,1,7,408.1948882,0.082111437,0.054389174
D2ERR-RT,Monkey ST,1,Control,404.1413043,0.08,0.051850894
D2ERR-RT,Monkey ST,1,Control,365.3670886,0.039513678,0.027571192
D2ERR-RT,Monkey ST,1,Control,410.5966102,0.051446945,0.055893088
D2ERR-RT,Monkey ST,1,Control,368.7128713,0.067692308,0.02966626
D2ERR-RT,Monkey ST,1,Control,404.9479167,0.058823529,0.05235598
D2ERR-RT,Monkey ST,1,Control,406.7678571,0.0781893,0.053495593
D2ERR-RT,Monkey ST,1,Control,386.2363014,0.051948052,0.04063911
D2ERR-RT,Monkey ST,1,Control,378.6275168,0.050955414,0.035874629
D2ERR-RT,Monkey ST,1,Control,412.2364865,0.103030303,0.056919948
D2ERR-RT,Monkey ST,1,Control,431.8557692,0.071428571,0.069205183
D2ERR-RT,Monkey ST,2,0,404.6479592,0.121076233,0.052168152
D2ERR-RT,Monkey ST,2,0,391.9131944,0.055737705,0.044193876
D2ERR-RT,Monkey ST,2,1,474.7423077,0.087719298,0.096059945
D2ERR-RT,Monkey ST,2,1,419.74,0.067164179,0.061618511
D2ERR-RT,Monkey ST,2,1,397.0746269,0.042857143,0.04742587
D2ERR-RT,Monkey ST,2,2,406.5931034,0.118541033,0.053386165
D2ERR-RT,Monkey ST,2,2,382.3937282,0.062091503,0.038232961
D2ERR-RT,Monkey ST,2,2,342.0075472,0.036363636,0.012943877
D2ERR-RT,Monkey ST,2,2,403.3554817,0.019543974,0.051358826
D2ERR-RT,Monkey ST,2,3,378.9570957,0.053125,0.036081005
D2ERR-RT,Monkey ST,2,3,378.8409894,0.05033557,0.036008302
D2ERR-RT,Monkey ST,2,3,446.2849462,0.083743842,0.078240468
D2ERR-RT,Monkey ST,2,3,384.0716612,0.034591195,0.039283652
D2ERR-RT,Monkey ST,2,4,430.0774908,0.062283737,0.068091657
D2ERR-RT,Monkey ST,2,4,367.7588424,0.060422961,0.029068865
D2ERR-RT,Monkey ST,2,4,400.7003484,0.040133779,0.049696231
D2ERR-RT,Monkey ST,2,4,363.6192053,0.019480519,0.0264767
D2ERR-RT,Monkey ST,2,7,383.4362416,0.044871795,0.038885764
D2ERR-RT,Monkey ST,2,7,374.2474227,0.036423841,0.033131895
D2ERR-RT,Monkey ST,2,7,380.4811321,0.036363636,0.037035329
D2ERR-RT,Monkey ST,2,Control,367.5820896,0.053003534,0.028958185
D2ERR-RT,Monkey ST,2,Control,341.2257053,0.012383901,0.012454302
D2ERR-RT,Monkey ST,2,Control,378.9349315,0.045751634,0.036067126
D2ERR-RT,Monkey ST,2,Control,348.1856678,0.031545741,0.016812502
D2ERR-RT,Monkey ST,2,Control,373.1888112,0.033783784,0.032469011
D2ERR-RT,Monkey ST,2,Control,381.4469027,0.046413502,0.037640077
D2ERR-RT,Monkey ST,2,Control,362.1643836,0.016835017,0.025565717
D2ERR-RT,Monkey ST,2,Control,360.8594771,0.022364217,0.024748609
D2ERR-RT,Monkey ST,2,Control,376.4778157,0.045602606,0.034528526
D2ERR-RT,Monkey ST,2,Control,397.9492063,0.051204819,0.047973516
D2ERR-RT,Monkey ST,4,0,356.4759615,0.023474178,0.022003732
D2ERR-RT,Monkey ST,4,0,358.2355072,0.007194245,0.023105527
D2ERR-RT,Monkey ST,4,1,405.0622568,0.044609665,0.052427577
D2ERR-RT,Monkey ST,4,1,375.956,0.027237354,0.034201774
D2ERR-RT,Monkey ST,4,1,363.3246269,0.032490975,0.02629224
D2ERR-RT,Monkey ST,4,2,375.4049296,0.030716724,0.033856704
D2ERR-RT,Monkey ST,4,2,354.2315436,0.026143791,0.020598319
D2ERR-RT,Monkey ST,4,2,328.7655678,0.014440433,0.004651993
D2ERR-RT,Monkey ST,4,2,375.76,0.022801303,0.034079043
D2ERR-RT,Monkey ST,4,3,368.6057692,0.006369427,0.029599195
D2ERR-RT,Monkey ST,4,3,340.9431438,0.022875817,0.012277367
D2ERR-RT,Monkey ST,4,3,398.2361809,0.033980583,0.048153214
D2ERR-RT,Monkey ST,4,3,355.1554054,0.029508197,0.021176824
D2ERR-RT,Monkey ST,4,4,378.4542125,0.048780488,0.035766109
D2ERR-RT,Monkey ST,4,4,347.2079208,0.031948882,0.016200255
D2ERR-RT,Monkey ST,4,4,377.3333333,0.007194245,0.035064235
D2ERR-RT,Monkey ST,4,4,347.3024055,0.010204082,0.01625942
D2ERR-RT,Monkey ST,4,7,363.9689655,0.013605442,0.026695713
D2ERR-RT,Monkey ST,4,7,341.9802632,0.01618123,0.012926792
D2ERR-RT,Monkey ST,4,7,359.3864407,0.02640264,0.023826221
D2ERR-RT,Monkey ST,4,Control,336.0300752,0.007462687,0.009200894
D2ERR-RT,Monkey ST,4,Control,332.3333333,0.006557377,0.006886062
D2ERR-RT,Monkey ST,4,Control,353.6917808,0.010169492,0.020260329
D2ERR-RT,Monkey ST,4,Control,333.8355263,0.012987013,0.007826708
D2ERR-RT,Monkey ST,4,Control,358.7291667,0.003460208,0.023414648
D2ERR-RT,Monkey ST,4,Control,347.6289593,0.004504505,0.016463902
D2ERR-RT,Monkey ST,4,Control,354.4808362,0.006920415,0.020754421
D2ERR-RT,Monkey ST,4,Control,352.0582524,0.012779553,0.019237444
D2ERR-RT,Monkey ST,4,Control,349.7918089,0.02006689,0.017818238
D2ERR-RT,Monkey ST,4,Control,388.1708861,0.0125,0.041850511
D2ERR-RT,Monkey ST,8,0,335.9170732,0.004854369,0.009130134
D2ERR-RT,Monkey ST,8,0,350.7761194,0,0.018434596
D2ERR-RT,Monkey ST,8,1,352.7042802,0.030188679,0.019641974
D2ERR-RT,Monkey ST,8,1,333.912,0.031007752,0.007874594
D2ERR-RT,Monkey ST,8,1,349.007326,0.007272727,0.01732701
D2ERR-RT,Monkey ST,8,2,349.3784722,0.04950495,0.017559415
D2ERR-RT,Monkey ST,8,2,327.7697368,0.012987013,0.004028422
D2ERR-RT,Monkey ST,8,2,308.7137405,0.018726592,-0.007904093
D2ERR-RT,Monkey ST,8,2,348.8026756,0.009933775,0.017198861
D2ERR-RT,Monkey ST,8,3,348.5284281,0.009933775,0.017027133
D2ERR-RT,Monkey ST,8,3,313.8482759,0.023569024,-0.004688941
D2ERR-RT,Monkey ST,8,3,338.3560976,0.033018868,0.010657406
D2ERR-RT,Monkey ST,8,3,339.547541,0.016129032,0.011403466
D2ERR-RT,Monkey ST,8,4,359.8651685,0.046428571,0.024125991
D2ERR-RT,Monkey ST,8,4,320.956229,0.013289037,-2.38E-04
D2ERR-RT,Monkey ST,8,4,341.9590444,0.016778523,0.012913505
D2ERR-RT,Monkey ST,8,4,328.0648464,0.016778523,0.004213214
D2ERR-RT,Monkey ST,8,7,342.1973684,0.006535948,0.013062739
D2ERR-RT,Monkey ST,8,7,320.7303754,0.029801325,-3.79E-04
D2ERR-RT,Monkey ST,8,7,336.4235669,0.009463722,0.009447291
D2ERR-RT,Monkey ST,8,Control,316.619403,0.025454545,-0.002953713
D2ERR-RT,Monkey ST,8,Control,319.9189189,0,-8.88E-04
D2ERR-RT,Monkey ST,8,Control,340.5656566,0.01980198,0.012040991
D2ERR-RT,Monkey ST,8,Control,316.5512821,0.00952381,-0.002996369
D2ERR-RT,Monkey ST,8,Control,340.3093525,0.017667845,0.011880499
D2ERR-RT,Monkey ST,8,Control,344.1382488,0.018099548,0.014278083
D2ERR-RT,Monkey ST,8,Control,338.7070707,0.01,0.010877179
D2ERR-RT,Monkey ST,8,Control,334.3206897,0.016949153,0.008130508
D2ERR-RT,Monkey ST,8,Control,329.8305648,0.029032258,0.005318874
D2ERR-RT,Monkey ST,8,Control,356.3237179,0.00952381,0.0219084